{
  "canvas_px": [
    2048,
    2048
  ],
  "scale_px_per_meter": 77.37704918032787,
  "faces": [
    {
      "name": "SIDE A",
      "meters": {
        "w": 12.2,
        "h": 3.1
      },
      "cut_rect": {
        "px": {
          "x0": 60,
          "y0": 626,
          "x1": 1004,
          "y1": 866
        },
        "uv": {
          "u0": 0.029296875,
          "v0": 0.3056640625,
          "u1": 0.490234375,
          "v1": 0.4228515625
        }
      },
      "safe_rect": {
        "px": {
          "x0": 64,
          "y0": 630,
          "x1": 1000,
          "y1": 862
        },
        "uv": {
          "u0": 0.03125,
          "v0": 0.3076171875,
          "u1": 0.48828125,
          "v1": 0.4208984375
        }
      }
    },
    {
      "name": "END A",
      "meters": {
        "w": 3.048,
        "h": 3.1
      },
      "cut_rect": {
        "px": {
          "x0": 1004,
          "y0": 626,
          "x1": 1240,
          "y1": 866
        },
        "uv": {
          "u0": 0.490234375,
          "v0": 0.3056640625,
          "u1": 0.60546875,
          "v1": 0.4228515625
        }
      },
      "safe_rect": {
        "px": {
          "x0": 1008,
          "y0": 630,
          "x1": 1236,
          "y1": 862
        },
        "uv": {
          "u0": 0.4921875,
          "v0": 0.3076171875,
          "u1": 0.603515625,
          "v1": 0.4208984375
        }
      },
      "butted_to_side_right_edge": true
    },
    {
      "name": "TOP",
      "meters": {
        "w": 12.2,
        "h": 3.048
      },
      "cut_rect": {
        "px": {
          "x0": 60,
          "y0": 906,
          "x1": 1004,
          "y1": 1142
        },
        "uv": {
          "u0": 0.029296875,
          "v0": 0.4423828125,
          "u1": 0.490234375,
          "v1": 0.5576171875
        }
      },
      "safe_rect": {
        "px": {
          "x0": 64,
          "y0": 910,
          "x1": 1000,
          "y1": 1138
        },
        "uv": {
          "u0": 0.03125,
          "v0": 0.4443359375,
          "u1": 0.48828125,
          "v1": 0.5556640625
        }
      }
    },
    {
      "name": "BOTTOM",
      "meters": {
        "w": 12.2,
        "h": 3.048
      },
      "cut_rect": {
        "px": {
          "x0": 1044,
          "y0": 906,
          "x1": 1988,
          "y1": 1142
        },
        "uv": {
          "u0": 0.509765625,
          "v0": 0.4423828125,
          "u1": 0.970703125,
          "v1": 0.5576171875
        }
      },
      "safe_rect": {
        "px": {
          "x0": 1048,
          "y0": 910,
          "x1": 1984,
          "y1": 1138
        },
        "uv": {
          "u0": 0.51171875,
          "v0": 0.4443359375,
          "u1": 0.96875,
          "v1": 0.5556640625
        }
      },
      "butted_to_side_right_edge": false
    },
    {
      "name": "SIDE B",
      "meters": {
        "w": 12.2,
        "h": 3.1
      },
      "cut_rect": {
        "px": {
          "x0": 60,
          "y0": 1182,
          "x1": 1004,
          "y1": 1422
        },
        "uv": {
          "u0": 0.029296875,
          "v0": 0.5771484375,
          "u1": 0.490234375,
          "v1": 0.6943359375
        }
      },
      "safe_rect": {
        "px": {
          "x0": 64,
          "y0": 1186,
          "x1": 1000,
          "y1": 1418
        },
        "uv": {
          "u0": 0.03125,
          "v0": 0.5791015625,
          "u1": 0.48828125,
          "v1": 0.6923828125
        }
      }
    },
    {
      "name": "END B",
      "meters": {
        "w": 3.048,
        "h": 3.1
      },
      "cut_rect": {
        "px": {
          "x0": 1004,
          "y0": 1182,
          "x1": 1240,
          "y1": 1422
        },
        "uv": {
          "u0": 0.490234375,
          "v0": 0.5771484375,
          "u1": 0.60546875,
          "v1": 0.6943359375
        }
      },
      "safe_rect": {
        "px": {
          "x0": 1008,
          "y0": 1186,
          "x1": 1236,
          "y1": 1418
        },
        "uv": {
          "u0": 0.4921875,
          "v0": 0.5791015625,
          "u1": 0.603515625,
          "v1": 0.6923828125
        }
      },
      "butted_to_side_right_edge": true
    }
  ]
}